<?xml version="1.0" encoding="UTF-8" ?>
<!DOCTYPE mapper
  PUBLIC "-//mybatis.org//DTD Mapper 3.0//EN"
  "http://mybatis.org/dtd/mybatis-3-mapper.dtd">
<mapper namespace="com.sbs.sbl.mp.dao.ArticleDao">
	<select id="getArticlesForList" resultMap="article">
		SELECT a.*,
		m.nickname
		AS extra__writer,
		b.code AS extra__boardCode
		FROM article a
		INNER JOIN
		MEMBER m
		ON a.memberId = m.id
		INNER JOIN board b
		ON a.boardId = b.id
		WHERE A.displayStatus = 1
		<if test="boardId != 0">AND boardId = #{boardId}</if>
		ORDER BY A.id DESC;
	</select>

	<!-- 게시판 불러오기 -->
	<select id="getBoardByCode" resultType="Board">
		SELECT *
		FROM board
		WHERE
		code = #{code};
	</select>

	<select id="getBoards" resultType="Board">
		SELECT *
		FROM board
		WHERE
		delStatus = 0;
	</select>

	<select id="getBoardById" resultType="Board">
		SELECT *
		FROM board
		WHERE
		id = #{id};
	</select>

	<select id="getArticleByIdForDetail" resultMap="article">
		SELECT a.*,
		m.nickname AS extra__writer,
		b.code AS extra__boardCode
		FROM
		article a
		INNER JOIN MEMBER m
		ON a.memberId = m.id
		INNER JOIN board b
		ON a.boardId = b.id
		WHERE A.displayStatus = 1
		AND a.id = #{id};
	</select>

	<update id="modify">
		UPDATE article
		<set>
			updateDate = NOW(),
			<if test="title != null">title = #{title},</if>
			<if test="body != null">body = #{body},</if>
			<if test="boardId != null">boardId = #{boardId}</if>
		</set>
		WHERE id = #{id}
	</update>

	<update id="delete">
		UPDATE article
		SET delDate = NOW(),
		displayStatus = 0,
		delStatus = 1
		WHERE id = #{id}
	</update>

	<insert id="write" useGeneratedKeys="true" keyProperty="id">
		INSERT
		INTO article
		SET regDate = NOW(),
		title = #{title},
		body = #{body},
		memberId = #{memberId},
		boardId = #{boardId}
	</insert>

	<resultMap type="Article" id="article">
		<id property="id" column="id" />
		<id property="regDate" column="regDate" />
		<id property="updateDate" column="updateDate" />
		<id property="delDate" column="delDate" />
		<id property="delStatus" column="delStatus" />
		<id property="title" column="title" />
		<id property="body" column="body" />
		<id property="memberId" column="memberId" />
		<id property="boardId" column="boardId" />
		<association property="extra" javaType="map">
			<id property="writer" column="extra__writer" />
			<id property="boardCode" column="extra__boardCode"></id>
		</association>
	</resultMap>

</mapper>