<?xml version="1.0" encoding="UTF-8" ?>
<!DOCTYPE mapper
  PUBLIC "-//mybatis.org//DTD Mapper 3.0//EN"
  "http://mybatis.org/dtd/mybatis-3-mapper.dtd">
<mapper namespace="com.sbs.sbl.mp.dao.MemberDao">
	<select id="getMemberById" resultType="Member">
		SELECT *
		FROM member
		WHERE
		id = #{id}
	</select>

	<insert id="join" useGeneratedKeys="true" keyProperty="id">
		INSERT
		INTO member
		SET regDate = NOW(),
		loginId = #{loginId},
		loginPw =
		#{loginPw},
		`name` = #{name},
		nickname =
		#{nickname},
		email = #{email},
		cellphoneNo = #{cellphoneNo}
	</insert>
	<select id="getMemberByLoginId" resultType="Member">
		SELECT *
		FROM member
		WHERE
		loginId = #{loginId}
	</select>

	<!-- 회원 가입시 중복체크 시작 -->
	<select id="getLoginIdCount" resultType="int">
		SELECT COUNT(*)
		AS cnt
		FROM member
		WHERE loginId = #{loginId}
	</select>
	<select id="getNicknameCount" resultType="int">
		SELECT COUNT(*)
		AS cnt
		FROM member
		WHERE nickname = #{nickname}
	</select>
	<select id="getEmailCount" resultType="int">
		SELECT COUNT(*)
		AS cnt
		FROM
		member
		WHERE email = #{email}
	</select>
	<!-- 끝 -->
	<!-- 아이디 찾기 -->
	<select id="getMemberByName_email" resultType="Member">
		SELECT *
		FROM
		member
		WHERE name = #{name}
		AND email = #{email}
	</select>
	<!-- 비번 찾기 -->
	<select id="getMemberByLoginId_email" resultType="Member">
		SELECT *
		FROM
		member
		WHERE loginId = #{loginId}
		AND email = #{email}
	</select>
	<!-- 비밀번호 변경 -->
	<update id="updateLoginPw">
		UPDATE member
		SET loginPw = SHA2(#{newPw}, 256)
		WHERE loginId = #{loginId}
	</update>
	<!-- 회원정보 수정 -->
	<update id="modify">
		UPDATE member
		SET loginPw = #{loginPw},
		name = #{name},
		nickname = #{nickname},
		email = #{email},
		cellphoneNo = #{cellphoneNo},
		updateDate = NOW()
		WHERE loginId = #{loginId}
	</update>

	<!-- 회원 탈퇴. 소프트 탈퇴 -->
	<update id="delete">
		UPDATE member
		SET delDate = NOW(),
		delStatus = 1
		WHERE id = #{id}
	</update>

</mapper>